{"cameraMode":{"drawMode":0,"name":"Shaded","section":"Shading Mode"},"sceneLighting":true,"audioPlay":false,"sceneViewState":{"showFog":true,"showMaterialUpdate":false,"showSkybox":true,"showFlares":true,"showImageEffects":true,"showParticleSystems":true},"in2DMode":false,"pivot":{"x":-2.6094696521759035,"y":15.54783821105957,"z":-5.573734760284424},"rotation":{"x":-0.08364532887935639,"y":0.8978090882301331,"z":-0.1944698542356491,"w":-0.3861655294895172},"size":104.14702606201172,"orthographic":false}