{"cameraMode":{"drawMode":0,"name":"Shaded","section":"Shading Mode"},"sceneLighting":false,"audioPlay":false,"sceneViewState":{"showFog":true,"showMaterialUpdate":false,"showSkybox":true,"showFlares":true,"showImageEffects":true,"showParticleSystems":true},"in2DMode":false,"pivot":{"x":0.10314754396677017,"y":-0.1327098160982132,"z":-0.20065318048000337},"rotation":{"x":-0.10582226514816284,"y":0.8198879957199097,"z":-0.1609220951795578,"w":-0.5391578078269959},"size":2.8578836917877199,"orthographic":false}